{"cameraMode":{"drawMode":0,"name":"Shaded","section":"Shading Mode"},"sceneLighting":true,"audioPlay":false,"sceneViewState":{"showFog":false,"showMaterialUpdate":false,"showSkybox":false,"showFlares":false,"showImageEffects":false,"showParticleSystems":false},"in2DMode":false,"pivot":{"x":-0.08945009112358093,"y":-65.57650756835938,"z":4.380769729614258},"rotation":{"x":0.6307570338249207,"y":-0.02095620520412922,"z":0.017040852457284929,"w":0.7755101919174194},"size":22.0,"orthographic":false}