{"cameraMode":{"drawMode":0,"name":"Shaded","section":"Shading Mode"},"sceneLighting":false,"audioPlay":false,"sceneViewState":{"showFog":true,"showMaterialUpdate":false,"showSkybox":false,"showFlares":true,"showImageEffects":true,"showParticleSystems":true},"in2DMode":false,"pivot":{"x":3.2428507804870607,"y":3.3372302055358888,"z":-4.4654221534729},"rotation":{"x":-0.011587192304432392,"y":-0.9006416201591492,"z":0.4337413012981415,"w":-0.024062223732471467},"size":7.294216632843018,"orthographic":false}